vals,precision,recall,f1,rouge1,rouge2,rougeL,bleurt
.4.6,0.839104,0.823205,0.830972,0.286055,0.032162,0.137387,-0.658947
.5.6,0.830372,0.822095,0.826054,0.271715,0.02905,0.128324,-0.694956
.7.6,0.828157,0.82092,0.82436,0.260092,0.026194,0.122711,-0.7378
.4.7,0.844516,0.821091,0.832507,0.260654,0.031788,0.129768,-0.759018
.5.7,0.836557,0.823989,0.830086,0.282257,0.039041,0.134946,-0.638258
.7.7,0.831543,0.81901,0.825074,0.245687,0.029726,0.121534,-0.782465
.4.8,0.834656,0.822824,0.828583,0.26926,0.0295,0.12909,-0.700632
.5.8,0.839928,0.825867,0.832719,0.280697,0.036367,0.137291,-0.6554
.7.8,0.828769,0.822225,0.8253,0.260533,0.026237,0.121529,-0.69857